epoch,time,train/loss,metrics/accuracy_top1,metrics/accuracy_top5,val/loss,lr/pg0,lr/pg1,lr/pg2,lr/pg3,lr/pg4,lr/pg5,lr/pg6,lr/pg7
1,280.82,0.05926,0.99725,1,0.01645,0.0099957,0.0033319,0.0099957,0.0033319,0.0099957,0.0033319,0.0099957,0.0033319
2,534.417,0.00843,0.99679,1,0.02095,0.0180161,0.00600538,0.0180161,0.00600538,0.0180161,0.00600538,0.0180161,0.00600538
3,787.263,0.0102,0.99708,1,0.02272,0.0240566,0.00801885,0.0240566,0.00801885,0.0240566,0.00801885,0.0240566,0.00801885
4,1039.21,0.01237,0.99763,1,0.02028,0.02109,0.00703,0.02109,0.00703,0.02109,0.00703,0.02109,0.00703
5,1291.81,0.01058,0.99748,1,0.02095,0.01812,0.00604,0.01812,0.00604,0.01812,0.00604,0.01812,0.00604
6,1544.64,0.00962,0.99747,1,0.02033,0.01515,0.00505,0.01515,0.00505,0.01515,0.00505,0.01515,0.00505
7,1796.38,0.00794,0.99743,1,0.02056,0.01218,0.00406,0.01218,0.00406,0.01218,0.00406,0.01218,0.00406
8,2047.81,0.00728,0.99745,1,0.01943,0.00921,0.00307,0.00921,0.00307,0.00921,0.00307,0.00921,0.00307
9,2300.19,0.00568,0.99748,1,0.01863,0.00624,0.00208,0.00624,0.00208,0.00624,0.00208,0.00624,0.00208
10,2553.55,0.00408,0.99741,1,0.01814,0.00327,0.00109,0.00327,0.00109,0.00327,0.00109,0.00327,0.00109
